City_ID,City,Country,Lat,Lng,Max Temp,Humidity,Cloudiness,Wind Speed,Weather Description
0,Busselton,AU,-33.65,115.3333,61.23,70,93,25.7,light rain
1,Hofn,IS,64.2539,-15.2082,53.62,54,75,14.97,broken clouds
2,East London,ZA,-33.0153,27.9116,58.14,94,0,4.61,clear sky
3,Kindu,CD,-2.95,25.95,71.64,95,100,2.04,light rain
4,Kapaa,US,22.0752,-159.319,77.11,85,56,1.99,broken clouds
5,Dingle,PH,10.9995,122.6711,77.43,89,97,4.27,overcast clouds
6,Atuona,PF,-9.8,-139.0333,77.38,82,24,17.11,light rain
7,Ahipara,NZ,-35.1667,173.1667,59.11,76,98,10.85,overcast clouds
8,Port Elizabeth,ZA,-33.918,25.5701,58.1,74,84,1.52,broken clouds
9,Ushuaia,AR,-54.8,-68.3,38.86,87,0,4.61,clear sky
10,Tyup,KG,42.7276,78.3648,47.71,90,100,4.68,light rain
11,Gizo,SB,-8.103,156.8419,81.81,75,13,4.63,few clouds
12,Jamestown,US,42.097,-79.2353,58.64,93,100,17.27,overcast clouds
13,Puerto Ayora,EC,-0.7393,-90.3518,76.96,77,49,10.65,scattered clouds
14,Vaini,TO,-21.2,-175.2,73.56,94,20,4.61,few clouds
15,San Quintin,MX,30.4833,-115.95,65.44,58,39,11.05,scattered clouds
16,Puerto Madero,MX,14.7208,-92.4215,85.51,68,91,8.7,overcast clouds
17,Faya,SA,18.3851,42.4509,72.73,27,3,4.85,clear sky
18,Rikitea,PF,-23.1203,-134.9692,75.9,76,8,13.96,clear sky
19,Lebu,CL,-37.6167,-73.65,53.15,89,100,11.23,overcast clouds
20,Avarua,CK,-21.2078,-159.775,78.84,78,29,14.12,moderate rain
21,Hobart,AU,-42.8794,147.3294,50.25,84,100,11.5,overcast clouds
22,Mataura,NZ,-46.1927,168.8643,44.26,92,100,7.23,overcast clouds
23,Dikson,RU,73.5069,80.5464,25.11,90,100,9.75,overcast clouds
24,Saskylakh,RU,71.9167,114.0833,33.93,99,100,4.38,overcast clouds
25,Albany,US,42.6001,-73.9662,90.91,50,33,1.01,scattered clouds
26,Zavitinsk,RU,50.1167,129.45,55.15,55,100,17.76,light rain
27,Butaritari,KI,3.0707,172.7902,81.48,81,100,13.98,moderate rain
28,Bluff,NZ,-46.6,168.3333,49.68,72,93,23.55,overcast clouds
29,Muli,MV,2.9167,73.5667,83.59,75,85,12.95,overcast clouds
30,Santiago,CL,-33.4569,-70.6483,70.99,45,100,3.44,overcast clouds
31,Cherskiy,RU,68.75,161.3,48.31,57,80,9.66,broken clouds
32,Castro,BR,-24.7911,-50.0119,66.0,40,2,5.53,clear sky
33,Tokur,RU,53.1333,132.9,34.02,88,97,3.13,overcast clouds
34,Pangody,RU,65.85,74.4859,47.73,74,99,22.39,overcast clouds
35,Georgetown,MY,5.4112,100.3354,82.33,93,20,2.3,few clouds
36,Khatanga,RU,71.9667,102.5,32.07,93,100,7.02,overcast clouds
37,Broome,US,42.2506,-75.833,87.69,55,17,8.01,few clouds
38,Tasiilaq,GL,65.6145,-37.6368,35.76,95,100,8.93,overcast clouds
39,Jijiga,ET,9.35,42.8,71.55,28,52,3.4,broken clouds
40,Thunder Bay,CA,48.4001,-89.3168,48.18,53,75,16.11,broken clouds
41,Curup,ID,-3.4667,102.5333,68.32,98,91,1.28,moderate rain
42,Hermanus,ZA,-34.4187,19.2345,60.84,85,42,8.3,scattered clouds
43,Christchurch,NZ,-43.5333,172.6333,43.0,82,10,5.75,clear sky
44,Mantua,IT,45.1667,10.7833,86.61,62,38,1.99,scattered clouds
45,Pirovskoye,RU,57.6267,92.2658,48.45,68,73,5.93,broken clouds
46,Kavaratti,IN,10.5669,72.642,83.43,80,95,18.03,overcast clouds
47,Gwadar,PK,25.1216,62.3254,85.35,78,0,9.01,clear sky
48,Nanortalik,GL,60.1432,-45.2371,38.52,97,100,9.33,moderate rain
49,Upernavik,GL,72.7868,-56.1549,33.67,97,100,1.7,overcast clouds
50,Barrow,US,71.2906,-156.7887,23.02,86,100,10.36,light snow
51,Pankovka,RU,58.5,31.1999,46.26,49,0,9.4,clear sky
52,Punta Arenas,CL,-53.15,-70.9167,41.11,65,11,14.25,few clouds
53,Pisco,PE,-13.7,-76.2167,67.01,86,89,6.87,overcast clouds
54,Cabo San Lucas,MX,22.8909,-109.9124,84.61,63,2,9.84,clear sky
55,Oranmore,IE,53.2683,-8.92,54.93,80,43,17.25,scattered clouds
56,Vila Velha,BR,-20.3297,-40.2925,73.17,66,42,7.96,scattered clouds
57,Esperance,AU,-33.8667,121.9,64.49,69,39,12.19,scattered clouds
58,Tyret Pervaya,RU,53.6703,102.3106,54.27,71,50,9.1,scattered clouds
59,Broken Hill,AU,-31.95,141.4333,54.59,80,7,6.82,clear sky
60,Badarwas,IN,24.9667,77.5667,92.77,27,7,14.18,clear sky
61,Victoria,HK,22.2855,114.1577,77.38,83,100,17.0,overcast clouds
62,Bara,NG,10.3744,10.7288,87.42,40,65,10.38,light rain
63,Norman Wells,CA,65.282,-126.8329,43.66,55,84,3.89,broken clouds
64,Chuy,UY,-33.6971,-53.4616,64.35,52,0,4.43,clear sky
65,Bethel,US,41.3712,-73.414,91.35,62,62,1.99,broken clouds
66,Carnarvon,AU,-24.8667,113.6333,71.13,60,92,16.84,overcast clouds
67,Santa Barbara,US,34.7333,-120.0343,62.35,67,0,4.61,clear sky
68,New Norfolk,AU,-42.7826,147.0587,49.91,82,99,2.48,overcast clouds
69,San Cristobal,VE,7.7669,-72.225,84.25,40,15,9.75,few clouds
70,Baykit,RU,61.67,96.37,48.63,90,4,4.07,clear sky
71,Touros,BR,-5.1989,-35.4608,82.4,73,36,14.72,scattered clouds
72,Khuzhir,RU,53.1939,107.3397,44.15,87,82,3.56,broken clouds
73,Coahuayana,MX,18.7333,-103.6833,89.73,47,49,7.72,scattered clouds
74,Nowy Dwor Gdanski,PL,54.2131,19.1177,55.17,89,91,7.81,overcast clouds
75,Cape Town,ZA,-33.9258,18.4232,65.37,77,45,1.01,scattered clouds
76,Sena Madureira,BR,-9.0656,-68.6569,83.32,62,43,1.48,scattered clouds
77,Cookeville,US,36.1628,-85.5016,78.64,76,20,5.75,few clouds
78,Port Hedland,AU,-20.3167,118.5667,78.85,94,100,6.91,overcast clouds
79,Havoysund,NO,70.9963,24.6622,50.23,80,64,2.08,broken clouds
80,Chulumani,BO,-16.4096,-67.5263,72.32,55,72,5.57,broken clouds
81,Deputatskiy,RU,69.3,139.9,20.71,99,81,4.0,broken clouds
82,Matara,LK,5.9485,80.5353,78.89,90,10,10.78,clear sky
83,Spring Hill,US,28.4769,-82.5255,93.97,57,100,5.01,overcast clouds
84,Nome,US,64.5011,-165.4064,59.16,33,83,7.36,broken clouds
85,Pevek,RU,69.7008,170.3133,34.66,88,42,11.21,scattered clouds
86,Petropavlovsk-Kamchatskiy,RU,53.0452,158.6483,39.22,95,100,2.08,overcast clouds
87,Bulgan,MN,48.8125,103.5347,58.03,37,35,4.56,scattered clouds
88,Saint-Pierre,RE,-21.3393,55.4781,71.28,73,0,5.75,clear sky
89,Crossville,US,35.949,-85.0269,81.18,68,82,4.0,broken clouds
90,Verkhniy Baskunchak,RU,48.2256,46.7217,59.05,89,97,18.05,overcast clouds
91,Mahebourg,MU,-20.4081,57.7,75.49,69,20,11.5,few clouds
92,Coihaique,CL,-45.5752,-72.0662,39.74,83,52,7.76,light rain
93,Manjacaze,MZ,-24.7117,33.8828,64.35,97,95,4.97,overcast clouds
94,Grindavik,IS,63.8424,-22.4338,50.47,66,0,21.85,clear sky
95,Mitsamiouli,KM,-11.3847,43.2844,81.05,75,27,7.23,scattered clouds
96,Qaqortoq,GL,60.7167,-46.0333,36.99,98,100,14.34,light rain
97,Mar Del Plata,AR,-38.0023,-57.5575,61.95,57,0,11.5,clear sky
98,Coleraine,GB,55.1333,-6.6667,60.71,75,54,8.01,broken clouds
99,Sukhobuzimskoye,RU,56.5,93.2728,53.38,63,96,5.46,overcast clouds
100,Sioux Lookout,CA,50.1001,-91.917,51.8,34,75,8.37,broken clouds
101,Dakar,SN,14.6937,-17.4441,73.58,76,49,14.09,scattered clouds
102,Tuktoyaktuk,CA,69.4541,-133.0374,21.2,79,100,8.05,overcast clouds
103,Kavieng,PG,-2.5744,150.7967,82.58,68,57,16.82,broken clouds
104,Sao Joao Da Barra,BR,-21.6403,-41.0511,71.94,65,9,9.6,clear sky
105,Sabha,LY,27.0377,14.4283,82.13,9,0,8.19,clear sky
106,Hilo,US,19.7297,-155.09,80.28,80,66,4.0,broken clouds
107,Didwana,IN,27.4,74.5667,90.82,25,12,14.47,few clouds
108,Port Alfred,ZA,-33.5906,26.891,56.17,92,33,3.13,scattered clouds
109,Clyde River,CA,70.4692,-68.5914,24.12,87,100,23.78,light snow
110,Atar,MR,20.5169,-13.0499,108.32,7,18,1.07,few clouds
111,Namatanai,PG,-3.6667,152.4333,79.63,73,85,9.28,overcast clouds
112,Turan,VN,16.0678,108.2208,82.38,89,20,1.14,few clouds
113,San Vicente,AR,-26.6167,-54.1333,66.56,41,94,3.2,overcast clouds
114,Torbay,CA,47.6666,-52.7314,64.27,40,91,11.52,overcast clouds
115,Novyy Svit,UA,47.8059,38.0211,52.88,83,75,9.31,broken clouds
116,Narsaq,GL,60.9167,-46.05,37.62,99,100,6.13,moderate rain
117,Kruisfontein,ZA,-34.0033,24.7314,55.89,78,66,2.06,broken clouds
118,Huarmey,PE,-10.0681,-78.1522,70.14,73,60,9.82,broken clouds
119,Labuhan,ID,-6.8844,112.2051,79.9,83,98,10.22,light rain
120,Vavoua,CI,7.3819,-6.4778,73.02,96,97,4.27,moderate rain
121,Ancud,CL,-41.8697,-73.8203,49.14,66,60,13.53,broken clouds
122,Margate,GB,51.3813,1.3862,66.69,69,70,3.0,broken clouds
123,Saint-Philippe,RE,-21.3585,55.7679,71.19,78,48,11.48,scattered clouds
124,Port Macquarie,AU,-31.4333,152.9167,55.89,85,100,3.13,light rain
125,Ribeira Grande,PT,38.5167,-28.7,66.6,94,75,2.3,light intensity drizzle
126,Ponta Do Sol,PT,32.6667,-17.1,73.0,75,20,1.28,few clouds
127,Nagapattinam,IN,10.7667,79.8333,85.24,59,100,12.57,overcast clouds
128,Mirpur Khas,PK,25.5251,69.0159,86.22,68,2,23.89,clear sky
129,Kodiak,US,57.79,-152.4072,49.51,76,75,12.66,broken clouds
130,Lompoc,US,34.6391,-120.4579,72.63,65,0,12.66,clear sky
131,Airai,TL,-8.9266,125.4092,58.37,91,36,3.38,scattered clouds
132,Alofi,NU,-19.0595,-169.9187,79.59,74,8,12.82,clear sky
133,Matagami,CA,49.7502,-77.6328,45.0,70,100,4.59,overcast clouds
134,Arraial Do Cabo,BR,-22.9661,-42.0278,75.06,64,0,12.66,clear sky
135,Ilhabela,BR,-23.7781,-45.3581,70.93,68,1,4.25,clear sky
136,Bambous Virieux,MU,-20.3428,57.7575,75.45,69,20,11.5,few clouds
137,Skibbereen,IE,51.55,-9.2667,56.1,78,53,15.57,broken clouds
138,Cockburn Town,TC,21.4612,-71.1419,79.41,79,49,19.82,scattered clouds
139,Council Bluffs,US,41.2619,-95.8608,65.52,41,0,9.22,clear sky
140,Sojat,IN,25.9167,73.6667,90.03,46,0,20.47,clear sky
141,Kieta,PG,-6.2167,155.6333,78.31,81,29,2.28,scattered clouds
142,Xingyi,CN,24.1877,102.817,57.07,97,100,2.08,overcast clouds
143,Ilulissat,GL,69.2167,-51.1,35.62,93,75,5.75,light rain and snow
144,Chalon-Sur-Saone,FR,46.7833,4.85,68.94,71,85,18.52,overcast clouds
145,Yantal,RU,56.8471,105.2542,41.65,85,72,2.39,broken clouds
146,Cidreira,BR,-30.1811,-50.2056,63.45,63,100,4.45,overcast clouds
147,Bredasdorp,ZA,-34.5322,20.0403,56.7,88,42,5.61,scattered clouds
148,Churapcha,RU,62.0025,132.4325,36.46,85,4,5.06,clear sky
149,Hovd,MN,48.0056,91.6419,64.53,20,100,2.1,overcast clouds
150,Wangqing,CN,43.3218,129.7634,48.7,83,20,1.92,few clouds
151,Flinders,AU,-34.5833,150.8552,55.18,91,98,4.0,light rain
152,Ketchikan,US,55.3422,-131.6461,57.67,51,0,11.5,clear sky
153,Kharitonovo,RU,61.4009,47.4978,32.52,98,100,9.75,snow
154,Filadelfia,US,39.9523,-75.1638,92.39,55,37,5.99,scattered clouds
155,Folldal,NO,62.1325,9.9968,51.3,58,82,8.34,broken clouds
156,Nouadhibou,MR,20.931,-17.0347,65.7,92,3,25.79,clear sky
157,San Patricio,US,28.017,-97.5169,79.84,58,97,11.52,overcast clouds
158,Rongcheng,CN,30.634,117.8517,68.22,82,100,2.86,overcast clouds
159,Vardo,NO,70.3705,31.1107,37.38,93,75,16.11,broken clouds
160,Pemba,MZ,-12.974,40.5178,77.7,88,20,6.91,few clouds
161,Chisec,GT,15.8167,-90.2833,93.43,36,86,2.55,overcast clouds
162,Panama City,PA,8.9936,-79.5197,86.43,71,40,3.44,scattered clouds
163,Meulaboh,ID,4.1363,96.1285,78.26,86,100,1.52,overcast clouds
164,Shakhtinsk,KZ,49.71,72.5872,46.15,52,26,7.18,scattered clouds
165,Kahului,US,20.8947,-156.47,80.62,65,20,10.36,few clouds
166,Calama,CL,-22.4667,-68.9333,68.49,10,0,14.97,clear sky
167,Coquimbo,CL,-29.9533,-71.3436,60.53,77,20,13.8,few clouds
168,Port Moresby,PG,-9.4431,147.1797,76.44,89,48,7.23,scattered clouds
169,Kukmor,RU,56.1855,50.8944,32.16,80,72,5.53,broken clouds
170,Egvekinot,RU,66.3167,-179.1667,41.83,59,100,4.41,overcast clouds
171,Vestmannaeyjar,IS,63.4427,-20.2734,51.78,74,6,5.93,clear sky
172,Honningsvag,NO,70.9821,25.9704,46.15,76,54,3.44,broken clouds
173,Boyolangu,ID,-8.1181,111.8935,75.18,89,74,1.52,broken clouds
174,Sola,VU,-13.8833,167.55,80.8,76,20,2.57,few clouds
175,Doembang Nangbuat,TH,14.8333,100.1,81.05,86,100,8.01,overcast clouds
176,Tocopilla,CL,-22.092,-70.1979,70.2,62,11,10.51,few clouds
177,Souillac,MU,-20.5167,57.5167,75.58,69,20,11.5,few clouds
178,Provideniya,RU,64.3833,-173.3,47.12,49,100,9.66,overcast clouds
179,Fairbanks,US,64.8378,-147.7164,61.61,34,62,4.16,broken clouds
180,Lorengau,PG,-2.0226,147.2712,82.87,71,94,11.54,overcast clouds
181,Banda Aceh,ID,5.5577,95.3222,81.19,79,100,13.29,overcast clouds
182,Sao Felix Do Xingu,BR,-6.6447,-51.995,88.77,42,9,4.74,clear sky
183,Yumen,CN,40.2833,97.2,66.79,20,65,17.38,broken clouds
184,Chokurdakh,RU,70.6333,147.9167,32.02,99,100,5.48,light snow
185,De-Kastri,RU,51.4667,140.7833,37.09,97,92,2.17,overcast clouds
186,Nikolskoye,RU,59.7035,30.7861,53.49,54,1,2.21,clear sky
187,Pacific Grove,US,36.6177,-121.9166,65.21,86,20,10.36,few clouds
188,Plouzane,FR,48.3833,-4.6167,60.85,91,100,8.05,moderate rain
189,Tual,ID,-5.6667,132.75,83.07,76,23,13.89,few clouds
190,Srednekolymsk,RU,67.45,153.6833,48.96,53,100,7.99,overcast clouds
191,Kirovskiy,RU,45.0917,133.5136,48.36,93,55,2.13,broken clouds
192,New Port Richey,US,28.2442,-82.7193,94.24,61,98,7.0,overcast clouds
193,Poum,NC,-20.2333,164.0167,77.97,82,71,12.5,broken clouds
194,Yakima,US,46.4665,-120.6678,65.55,47,0,5.01,clear sky
195,Yeppoon,AU,-23.1333,150.7333,67.78,91,98,11.5,overcast clouds
196,San Ramon De La Nueva Oran,AR,-23.1322,-64.326,76.42,31,0,4.41,clear sky
197,Matay,EG,28.419,30.7792,78.53,19,0,9.57,clear sky
198,Mandurah,AU,-32.55,115.7,60.91,72,69,28.05,light rain
199,Kapit,MY,2.0167,112.9333,72.64,97,97,0.2,overcast clouds
200,Katsuura,JP,35.1333,140.3,62.74,88,98,8.63,light rain
201,Luderitz,NA,-26.6481,15.1594,58.71,68,13,8.97,few clouds
202,Klaksvik,FO,62.2266,-6.589,49.12,89,63,3.65,broken clouds
203,Suclayin,PH,15.7568,121.5503,75.9,93,92,3.78,light rain
204,Yellowknife,CA,62.456,-114.3525,33.57,100,77,8.99,broken clouds
205,Pangnirtung,CA,66.1451,-65.7125,31.53,92,98,6.24,light snow
206,Richards Bay,ZA,-28.783,32.0377,64.56,88,94,18.01,light rain
207,Ginda,IN,30.6945,78.4932,56.71,67,46,7.14,scattered clouds
208,Palmer,US,42.1584,-72.3287,92.44,57,51,8.01,broken clouds
209,Hasaki,JP,35.7333,140.8333,61.2,80,95,6.11,overcast clouds
210,Fort Saint James,CA,54.4333,-124.25,62.02,29,6,6.82,clear sky
211,Dunedin,NZ,-45.8742,170.5036,46.8,70,100,7.0,overcast clouds
212,Tiksi,RU,71.6872,128.8694,30.51,88,100,5.93,overcast clouds
213,Hithadhoo,MV,-0.6,73.0833,83.89,71,84,12.53,broken clouds
214,Yichang,CN,30.7144,111.2847,64.71,93,43,1.74,scattered clouds
215,Lakselv,NO,70.0513,24.9718,49.82,62,0,5.75,clear sky
216,Roma,US,43.2128,-75.4557,83.95,60,100,6.91,overcast clouds
217,Hammerfest,NO,70.6634,23.6821,48.65,66,75,4.61,broken clouds
218,Kisoro,UG,-1.2854,29.685,56.97,96,100,3.6,overcast clouds
219,Severo-Kurilsk,RU,50.6789,156.125,40.26,96,100,16.84,overcast clouds
220,Voskresenskoye,RU,56.8381,45.4317,33.17,78,100,5.39,overcast clouds
221,Noyabrsk,RU,63.1994,75.4507,59.14,60,55,25.34,broken clouds
222,Pimentel,PE,-6.8367,-79.9342,71.89,60,0,20.71,clear sky
223,Svetlogorsk,BY,52.6333,29.7333,48.25,91,89,5.61,overcast clouds
224,Saldanha,ZA,-33.0117,17.9442,59.94,85,83,6.6,broken clouds
225,Tura,IN,25.5198,90.2201,72.57,94,83,3.65,broken clouds
226,Husavik,IS,66.0449,-17.3389,37.99,97,100,8.52,overcast clouds
227,Ballina,AU,-28.8667,153.5667,58.78,82,92,11.36,overcast clouds
228,Mponela,MW,-13.5319,33.7401,66.4,64,79,4.43,broken clouds
229,Rocha,UY,-34.4833,-54.3333,65.23,49,17,4.07,few clouds
230,Talaya,RU,61.3833,152.75,32.81,89,100,4.09,overcast clouds
231,Pearl River,US,41.059,-74.0218,93.07,50,59,4.0,broken clouds
232,Burnie,AU,-41.0667,145.9167,42.94,87,13,5.37,few clouds
233,Boa Vista,BR,2.8197,-60.6733,75.18,88,100,5.75,light rain
234,Fergus Falls,US,46.283,-96.0776,55.38,47,40,11.5,scattered clouds
235,Mashivka,UA,49.4431,34.8669,50.41,87,94,11.95,overcast clouds
236,Beringovskiy,RU,63.05,179.3167,38.5,82,100,8.23,overcast clouds
237,Riyadh,SA,24.6877,46.7219,95.14,8,2,11.16,clear sky
238,Trairi,BR,-3.2778,-39.2689,83.95,70,28,7.38,scattered clouds
239,Bystrzyca Klodzka,PL,50.3018,16.6423,57.61,78,81,4.38,broken clouds
240,Mackay,AU,-21.15,149.2,66.69,84,100,11.95,overcast clouds
241,Zambezi,ZM,-13.5432,23.1047,61.05,46,52,5.41,broken clouds
242,Olga,RU,43.7444,135.2892,48.25,96,24,4.83,few clouds
243,Sarangani,PH,5.4033,125.4636,82.27,75,100,7.7,overcast clouds
244,Jining,CN,35.405,116.5814,68.56,45,99,7.74,overcast clouds
245,Nabire,ID,-3.3667,135.4833,75.04,91,91,3.49,overcast clouds
246,Yar-Sale,RU,66.8333,70.8333,33.91,92,100,25.41,light snow
247,Berdyaush,RU,55.1619,59.1464,35.71,97,77,4.79,broken clouds
248,Superior,US,46.7208,-92.1041,53.96,46,100,11.5,overcast clouds
249,Rancho Palos Verdes,US,33.7445,-118.387,73.99,78,20,11.5,few clouds
250,Tabas,IR,33.5959,56.9244,77.23,21,20,6.62,few clouds
251,Garden City,US,42.3256,-83.331,66.45,61,75,9.22,broken clouds
252,Ulaangom,MN,49.9811,92.0667,65.46,26,97,5.23,overcast clouds
253,Iqaluit,CA,63.7506,-68.5145,25.7,86,88,28.01,overcast clouds
254,La Rochelle,FR,46.1667,-1.15,75.27,69,0,11.5,clear sky
255,Henties Bay,NA,-22.116,14.2845,62.28,60,1,11.12,clear sky
256,Saint-Augustin,CA,51.226,-58.6502,53.94,82,92,11.36,overcast clouds
257,Pozo Colorado,PY,-23.4923,-58.7972,76.59,36,92,3.47,overcast clouds
258,Chifeng,CN,42.2683,118.9636,66.09,51,100,7.54,overcast clouds
259,Nayudupeta,IN,13.9,79.9,91.74,46,100,14.12,overcast clouds
260,Grand Forks,US,47.9417,-97.4337,58.73,33,100,6.91,overcast clouds
261,Kondapalle,IN,16.6167,80.5333,91.8,35,14,7.63,few clouds
262,Kutum,SD,14.2,24.6667,83.91,15,98,9.71,overcast clouds
263,Leningradskiy,RU,69.3833,178.4167,31.8,94,100,5.06,overcast clouds
264,Iquitos,PE,-3.7481,-73.2472,86.04,70,75,4.61,broken clouds
265,Enumclaw,US,47.2043,-121.9915,66.15,53,3,5.01,clear sky
266,Cayenne,GF,4.9333,-52.3333,84.09,17,75,13.8,heavy intensity rain
267,Sampit,ID,-2.5333,112.95,74.5,97,64,1.63,broken clouds
268,Half Moon Bay,US,37.4636,-122.4286,76.91,64,0,14.97,mist
269,Graaff-Reinet,ZA,-32.2522,24.5308,50.92,90,53,0.4,broken clouds
270,Kudymkar,RU,59.0173,54.656,34.09,98,100,7.36,overcast clouds
271,Talara,PE,-4.5772,-81.2719,75.96,64,0,20.71,clear sky
272,Zhigansk,RU,66.7697,123.3711,34.93,82,58,5.23,broken clouds
273,Lagoa,PT,39.05,-27.9833,62.33,95,100,6.26,light rain
274,Karpathos,GR,35.507,27.2132,67.96,77,0,24.16,clear sky
275,Deep River,CA,46.1001,-77.4995,51.94,97,100,6.64,overcast clouds
276,Samarai,PG,-10.6167,150.6667,80.31,79,27,6.73,scattered clouds
277,Narodychi,UA,51.2029,29.0823,49.03,94,100,8.66,overcast clouds
278,Lavrentiya,RU,65.5833,-171.0,38.23,74,100,7.65,overcast clouds
279,Tessalit,ML,20.1986,1.0114,98.46,12,35,10.25,scattered clouds
280,Ceuta,ES,35.8903,-5.3075,71.64,75,100,18.25,overcast clouds
281,Mataram,ID,-8.5833,116.1167,76.01,81,100,4.79,overcast clouds
282,Muros,ES,42.7762,-9.0603,65.68,92,99,8.37,overcast clouds
283,Kalengwa,ZM,-13.4659,25.0027,61.11,52,71,5.14,broken clouds
284,Maragogi,BR,-9.0122,-35.2225,79.81,78,21,15.64,few clouds
285,Chicama,PE,-7.8447,-79.1469,64.94,63,34,10.11,scattered clouds
286,Talnakh,RU,69.4865,88.3972,35.8,100,100,2.86,overcast clouds
287,Asfi,MA,32.2994,-9.2372,69.15,72,99,21.83,overcast clouds
288,Geraldton,AU,-28.7667,114.6,64.81,68,40,17.27,scattered clouds
289,Sharan,RU,54.8167,54.0,39.56,76,87,1.21,overcast clouds
290,Tamandare,BR,-8.7597,-35.1047,80.69,75,16,15.12,few clouds
291,Shenjiamen,CN,29.9576,122.298,65.41,87,100,10.96,heavy intensity rain
292,Linden,GY,6.0,-58.3,73.58,98,100,1.45,heavy intensity rain
293,Mount Isa,AU,-20.7333,139.5,62.37,77,86,5.75,overcast clouds
294,Sibolga,ID,1.7427,98.7792,76.87,89,100,3.09,overcast clouds
295,La Paz,BO,-16.5,-68.15,55.6,28,48,14.36,scattered clouds
296,Bosaso,SO,11.2842,49.1816,90.19,39,99,6.35,overcast clouds
297,Bilibino,RU,68.0546,166.4372,41.86,73,90,3.4,overcast clouds
298,Parati,BR,-23.2178,-44.7131,73.85,61,2,4.16,clear sky
299,Vila Franca Do Campo,PT,37.7167,-25.4333,64.81,87,100,3.98,light rain
300,Sabalgarh,IN,26.25,77.4,97.48,16,95,3.38,overcast clouds
301,Tilichiki,RU,60.4667,166.1,34.16,88,15,4.23,few clouds
302,Murchison,NZ,-41.8,172.3333,41.45,98,61,0.81,broken clouds
303,Tabou,CI,4.423,-7.3528,76.75,85,100,6.62,light rain
304,Olafsvik,IS,64.8945,-23.7142,45.68,65,27,12.44,scattered clouds
305,Itarema,BR,-2.9248,-39.9167,82.87,77,58,8.23,broken clouds
306,Brae,GB,60.3964,-1.353,51.85,95,100,10.76,overcast clouds
307,Obo,CF,5.3998,26.4869,73.74,79,69,3.83,light rain
308,Noumea,NC,-22.2763,166.4572,78.78,99,65,4.05,broken clouds
309,Austin,US,30.2672,-97.7431,79.66,64,75,13.8,broken clouds
310,Muisne,EC,0.6,-80.0333,79.97,85,73,10.33,light rain
311,Ojinaga,MX,29.5667,-104.4167,81.57,38,0,18.41,clear sky
312,Pavlivka,UA,49.4414,28.4596,50.05,81,70,13.13,broken clouds
313,Baoding,CN,38.8511,115.4903,71.78,38,73,4.09,broken clouds
314,Asyut,EG,27.181,31.1837,79.47,17,0,11.88,clear sky
315,Nara,JP,34.6851,135.8049,65.5,84,13,1.28,few clouds
316,Jacqueville,CI,5.2052,-4.4146,76.06,85,100,7.31,overcast clouds
317,Arteaga,MX,18.4667,-102.4167,88.12,34,24,4.61,few clouds
318,Bathsheba,BB,13.2167,-59.5167,84.81,70,20,18.41,few clouds
319,Pangoa,PE,-12.1167,-73.0,80.38,58,88,4.54,overcast clouds
320,Kudahuvadhoo,MV,2.6708,72.8944,83.77,74,90,13.44,overcast clouds
321,Linhares,BR,-19.3911,-40.0722,73.98,66,58,6.35,broken clouds
322,Avera,US,33.194,-82.5271,87.55,42,66,12.39,broken clouds
323,Longyearbyen,SJ,78.2186,15.6401,37.24,81,75,1.14,broken clouds
324,Angul,IN,20.85,85.1,86.85,48,46,7.43,scattered clouds
325,Odweyne,SO,9.4092,45.064,85.37,21,98,3.6,overcast clouds
326,Bilma,NE,18.6853,12.9164,94.19,8,14,7.4,few clouds
327,Picui,BR,-6.5106,-36.3469,80.55,60,84,14.52,broken clouds
328,Nioro,GM,13.35,-15.75,96.57,22,42,12.95,scattered clouds
329,Brunsbuttel,DE,53.9,9.15,64.33,76,46,3.69,scattered clouds
330,Westport,US,41.1415,-73.3579,93.27,58,0,11.5,clear sky
331,Tuy Hoa,VN,13.0833,109.3,79.21,81,100,12.12,overcast clouds
332,Amga,RU,60.8953,131.9608,34.72,93,5,2.62,clear sky
333,Lake City,US,30.1897,-82.6393,88.86,65,75,4.61,broken clouds
334,Sumenep,ID,-7.0167,113.8667,80.46,80,96,9.66,overcast clouds
335,Nhulunbuy,AU,-12.2333,136.7667,79.41,83,75,18.41,broken clouds
336,Tena,EC,-0.9833,-77.8167,84.36,56,24,3.83,few clouds
337,Yerbogachen,RU,61.2767,108.0108,45.7,94,84,1.45,broken clouds
338,Nosy Varika,MG,-20.5833,48.5333,69.26,89,4,3.71,clear sky
339,Bengkulu,ID,-3.8004,102.2655,76.66,90,79,3.29,light rain
340,Bonito,BR,-21.1211,-56.4819,79.81,27,8,4.09,clear sky
341,Hambantota,LK,6.1241,81.1185,79.66,85,5,15.79,clear sky
342,Venice,US,27.0998,-82.4543,94.06,56,75,13.8,broken clouds
343,Qinnan,CN,33.2531,119.9133,65.46,58,98,7.85,overcast clouds
344,Saint-Paul,RE,-21.0096,55.2707,73.49,77,41,1.81,scattered clouds
345,Saint George,US,37.1041,-113.5841,83.62,11,0,5.75,clear sky
346,Teacapan,MX,22.55,-105.75,83.08,55,15,8.86,few clouds
347,Thompson,CA,55.7435,-97.8558,63.91,21,48,11.43,scattered clouds
348,Greytown,ZA,-29.0642,30.5928,49.51,93,93,1.79,light rain
349,Seoul,KR,37.5683,126.9778,61.99,83,0,2.19,clear sky
350,Butia,BR,-30.1197,-51.9622,63.66,64,99,1.99,overcast clouds
351,Sitka,US,57.0531,-135.33,51.69,76,40,6.91,scattered clouds
352,Loiza,PR,18.4313,-65.8802,90.81,70,40,18.41,haze
353,Vaitape,PF,-16.5167,-151.75,80.74,72,9,14.16,clear sky
354,Nicoya,CR,10.1483,-85.452,87.94,60,92,2.51,overcast clouds
355,Qaanaaq,GL,77.484,-69.3632,24.84,75,100,2.35,overcast clouds
356,Chowchilla,US,37.123,-120.2602,82.18,22,0,11.5,clear sky
357,Kisangani,CD,0.5167,25.2,76.98,76,99,4.21,overcast clouds
358,Erzin,TR,36.9559,36.2,62.53,77,44,6.85,scattered clouds
359,Taganak,PH,6.0833,118.3,80.65,83,100,8.97,overcast clouds
360,Guerrero Negro,MX,27.9769,-114.0611,66.76,59,0,13.62,clear sky
361,Tupik,RU,54.4253,119.9327,39.6,99,100,5.21,light rain
362,Montepuez,MZ,-13.1256,38.9997,67.5,78,10,4.85,clear sky
363,Menongue,AO,-14.6585,17.691,59.61,44,28,3.78,scattered clouds
364,Matamoros,MX,25.5333,-103.25,89.71,31,0,11.5,clear sky
365,Show Low,US,34.2542,-110.0298,72.66,20,0,21.85,clear sky
366,Kangaatsiaq,GL,68.3065,-53.4641,31.08,91,100,15.46,overcast clouds
367,San Policarpo,PH,12.1791,125.5072,79.32,87,78,9.15,broken clouds
368,Balad,IQ,34.0164,44.1453,89.53,10,11,6.35,few clouds
369,Aksarka,RU,66.5606,67.7975,32.99,91,100,27.09,overcast clouds
370,Phan Thiet,VN,10.9333,108.1,76.78,92,100,13.09,light rain
371,Yining,CN,29.0361,114.5636,64.36,98,100,1.28,overcast clouds
372,Srandakan,ID,-7.9386,110.2506,78.01,87,95,3.36,overcast clouds
373,Rome,US,34.257,-85.1647,89.96,51,40,5.75,scattered clouds
374,Thinadhoo,MV,0.5333,72.9333,83.88,75,97,12.08,overcast clouds
375,Bonavista,CA,48.6499,-53.1147,54.95,66,96,14.92,overcast clouds
376,Arlit,NE,18.7369,7.3853,96.01,13,100,7.81,overcast clouds
377,Bac Lieu,VN,9.285,105.7244,80.28,83,100,7.29,overcast clouds
378,Kitimat,CA,54.0524,-128.6534,60.91,51,59,3.69,broken clouds
379,Salalah,OM,17.0151,54.0924,84.29,84,75,9.22,broken clouds
380,Hagere Hiywet,ET,8.9833,37.85,68.9,34,89,6.04,overcast clouds
381,Puerto Escondido,MX,15.85,-97.0667,86.83,70,40,9.22,scattered clouds
382,Razole,IN,16.4833,81.8333,85.28,68,26,3.56,scattered clouds
383,Acarau,BR,-2.8856,-40.12,82.89,75,51,7.23,broken clouds
384,Mozarlandia,BR,-14.7447,-50.5706,88.2,14,2,5.12,clear sky
385,Eureka,US,40.8021,-124.1637,55.26,78,90,7.0,overcast clouds
386,Shu,KZ,43.5983,73.7614,51.82,82,100,8.03,overcast clouds
387,Fayaoue,NC,-20.65,166.5333,76.8,82,12,3.02,few clouds
388,Lubao,PH,14.9167,120.55,79.14,86,100,1.16,overcast clouds
389,Praia Da Vitoria,PT,38.7333,-27.0667,66.76,94,100,4.03,light rain
390,Garcia,MX,25.8167,-100.5833,90.91,49,71,11.12,broken clouds
391,Awka,NG,6.2101,7.0741,76.05,90,93,5.39,moderate rain
392,Champerico,GT,14.3,-91.9167,86.54,67,83,8.79,broken clouds
393,Carmarthen,GB,51.8555,-4.3054,58.95,97,100,7.81,overcast clouds
394,Katakwi,UG,1.8911,33.9661,70.45,76,100,1.92,light rain
395,Kaili,ID,-3.4626,120.2147,67.33,89,83,2.68,broken clouds
396,Codrington,AU,-38.2667,141.9667,43.41,95,5,7.72,clear sky
397,Pochutla,MX,15.7432,-96.4661,91.81,38,0,9.95,clear sky
398,Alice Springs,AU,-23.7,133.8833,44.15,70,31,0.0,scattered clouds
399,Lancaster,US,40.2504,-76.2499,90.75,56,40,6.91,scattered clouds
400,Elblag,PL,54.1522,19.4088,55.94,92,100,9.42,overcast clouds
401,Kulhudhuffushi,MV,6.6221,73.07,83.46,78,34,14.72,scattered clouds
402,Nouakchott,MR,18.0858,-15.9785,69.73,83,28,18.37,scattered clouds
403,Caravelas,BR,-17.7125,-39.2481,75.18,63,19,7.81,few clouds
404,Sladkovo,RU,55.5284,70.3385,43.5,82,82,13.11,broken clouds
405,Sao Filipe,CV,14.8961,-24.4956,72.75,77,42,14.65,scattered clouds
406,Jieshi,CN,22.8134,115.8257,72.55,88,97,14.58,overcast clouds
407,Gamboma,CG,-1.8764,15.8644,76.15,84,98,1.9,light rain
408,Mangaluru,IN,12.8667,74.8833,77.86,88,75,0.0,mist
409,Elko,US,41.0002,-115.5012,60.82,26,18,5.01,few clouds
410,Wegrow,PL,52.3995,22.0163,52.92,90,100,9.86,overcast clouds
411,Fortuna,US,40.5982,-124.1573,54.99,88,75,9.22,broken clouds
412,Tuatapere,NZ,-46.1333,167.6833,43.75,83,85,8.61,overcast clouds
413,Syedove,UA,47.0768,38.156,59.25,76,92,16.06,overcast clouds
414,Ambilobe,MG,-13.2,49.05,73.65,71,51,4.72,broken clouds
415,Peterhead,GB,57.5058,-1.7981,62.46,91,79,17.07,broken clouds
416,Sfantu Gheorghe,RO,45.8667,25.7833,59.94,70,85,7.76,overcast clouds
417,Warrington,GB,53.3925,-2.5802,66.33,72,75,18.41,broken clouds
418,Maldonado,UY,-34.6667,-54.9167,65.59,46,28,4.43,scattered clouds
419,Dodoma,TZ,-6.1722,35.7395,70.61,58,37,7.65,scattered clouds
420,Yamethin,MM,20.4333,96.15,77.32,86,46,8.3,scattered clouds
421,Shitanjing,CN,39.2342,106.3439,59.41,57,87,6.02,overcast clouds
422,Takab,IR,36.4009,47.1133,61.41,35,61,0.89,broken clouds
423,Concordia,AR,-31.393,-58.0209,68.07,64,20,9.22,few clouds
424,Salamiyah,SY,35.0113,37.0532,61.48,59,2,20.98,clear sky
425,Beloha,MG,-25.1667,45.05,66.33,80,28,6.62,scattered clouds
426,Angoche,MZ,-16.2325,39.9086,77.23,78,1,9.57,clear sky
427,Grand-Lahou,CI,5.1367,-5.0242,75.07,91,100,4.97,overcast clouds
428,Pacifica,US,37.6138,-122.4869,78.4,70,20,12.66,few clouds
429,Belyy Yar,RU,53.6039,91.3903,68.86,45,0,2.24,clear sky
430,Asekeyevo,RU,53.5742,52.7972,44.6,87,88,3.8,overcast clouds
431,Erenhot,CN,43.6475,111.9767,67.33,37,62,5.32,broken clouds
432,Maceio,BR,-9.6658,-35.7353,81.84,69,75,11.5,broken clouds
433,Pfarrkirchen,DE,48.432,12.9381,64.94,69,54,1.63,broken clouds
434,Draguignan,FR,43.5333,6.4667,73.96,71,75,10.36,broken clouds
435,Kangundo,KE,-1.2979,37.3471,63.79,72,56,4.16,broken clouds
436,Camacha,PT,33.0833,-16.3333,67.42,60,20,11.5,few clouds
437,Kalaleh,IR,37.3807,55.4916,70.68,27,10,5.82,clear sky
438,Luocheng,CN,29.3848,104.0286,62.19,92,63,2.3,broken clouds
439,Korla,CN,41.7597,86.1469,80.65,13,100,15.17,overcast clouds
440,Okhotsk,RU,59.3833,143.3,34.09,99,100,13.09,light snow
441,Havre-Saint-Pierre,CA,50.2334,-63.5986,49.05,88,100,5.95,overcast clouds
442,Vila,PT,42.0304,-8.1588,59.7,85,96,3.91,overcast clouds
443,Praya,CV,14.9215,-23.5087,77.54,57,20,19.57,few clouds
444,Karratha,AU,-20.7377,116.8463,78.31,75,100,5.26,overcast clouds
445,Goderich,CA,43.7501,-81.7165,43.92,89,100,10.71,overcast clouds
446,Pafos,CY,34.7667,32.4167,67.78,68,20,2.3,few clouds
447,Trelew,AR,-43.249,-65.3051,53.37,63,100,20.15,light rain
448,Port Blair,IN,11.6667,92.75,83.05,82,98,21.52,overcast clouds
449,Savonlinna,FI,61.8699,28.88,53.65,47,0,3.44,clear sky
450,Suleja,NG,9.1758,7.1808,74.05,80,80,10.16,moderate rain
451,Ostrovnoy,RU,68.0531,39.5131,31.39,77,7,11.52,clear sky
452,Sambava,MG,-14.2667,50.1667,74.41,83,65,11.43,broken clouds
453,Rantepao,ID,-2.9701,119.8978,65.23,97,94,2.19,overcast clouds
454,Dolores,AR,-36.3132,-57.6792,65.37,35,76,9.91,broken clouds
455,Majene,ID,-3.5403,118.9707,78.49,87,90,8.9,overcast clouds
456,Bud,US,39.447,-86.1758,67.41,65,100,11.81,overcast clouds
457,Khani,GE,41.9563,42.9566,58.57,59,6,7.05,light rain
458,Hobyo,SO,5.3505,48.5268,80.71,83,97,28.21,overcast clouds
459,Puerto Del Rosario,ES,28.5004,-13.8627,71.35,73,20,19.57,few clouds
460,Magnitogorsk,RU,53.4186,59.0472,38.23,81,40,6.71,scattered clouds
461,Winnemucca,US,40.973,-117.7357,62.65,27,0,8.05,clear sky
462,Dzhebariki-Khaya,RU,62.2167,135.8,36.12,83,42,1.66,scattered clouds
463,Kony,HU,47.6305,17.3572,69.94,56,81,8.3,broken clouds
464,Kismayo,SO,-0.3582,42.5454,80.28,84,100,15.3,overcast clouds
465,Sistranda,NO,63.7256,8.834,58.96,79,85,15.41,overcast clouds
466,Baracoa,CU,20.3467,-74.4958,83.98,70,66,9.89,broken clouds
467,Valdivia,CL,-39.8142,-73.2459,51.89,78,100,4.9,overcast clouds
468,Port Lincoln,AU,-34.7333,135.8667,61.83,76,100,10.2,overcast clouds
469,Boende,CD,-0.2167,20.8667,78.37,79,94,3.13,overcast clouds
470,Sur,OM,22.5667,59.5289,92.98,44,2,9.48,clear sky
471,Tengushevo,RU,54.7686,42.7189,36.64,73,60,8.34,broken clouds
472,Chernyshevskiy,RU,63.0128,112.4714,47.64,76,91,2.26,overcast clouds
473,Jinka,ET,5.65,36.65,64.85,83,86,1.72,overcast clouds
474,Wattegama,LK,6.7989,81.4808,77.29,76,24,6.06,few clouds
475,Aberystwyth,GB,52.4155,-4.0829,57.88,92,99,11.21,overcast clouds
476,Sao Geraldo Do Araguaia,BR,-6.4006,-48.555,82.49,76,49,2.62,scattered clouds
477,Los Llanos De Aridane,ES,28.6585,-17.9182,67.75,82,75,14.97,broken clouds
478,Ambatondrazaka,MG,-17.8333,48.4167,61.25,97,58,3.98,broken clouds
479,Little Current,CA,45.9793,-81.9248,43.77,89,97,15.14,overcast clouds
480,Manicore,BR,-5.8092,-61.3003,90.23,43,40,3.22,scattered clouds
481,Berlevag,NO,70.8578,29.0864,42.75,75,100,4.61,overcast clouds
482,Arman,RU,59.7,150.1667,41.02,98,100,10.33,moderate rain
483,Umea,SE,63.8284,20.2597,57.13,41,0,5.75,clear sky
484,Pangkalanbuun,ID,-2.6833,111.6167,74.57,98,67,1.36,broken clouds
485,Acurenam,GQ,1.0322,10.6488,69.35,99,50,3.22,light rain
486,Sikasso,ML,10.9167,-7.0,91.62,38,77,7.07,broken clouds
487,Kodinsk,RU,58.6881,99.1844,47.73,89,73,2.46,broken clouds
488,Cherepovets,RU,59.1333,37.9,40.82,52,0,4.47,clear sky
489,Birao,CF,10.2849,22.7882,93.04,20,100,5.57,overcast clouds
490,Luanda,AO,-8.8368,13.2343,75.2,78,20,8.05,few clouds
491,Obuasi,GH,6.206,-1.6619,70.97,94,100,1.14,overcast clouds
492,Ashiya,JP,34.7281,135.3026,66.09,95,22,3.8,few clouds
493,Tarauaca,BR,-8.1614,-70.7656,86.86,53,73,1.34,broken clouds
494,Sinnamary,GF,5.3833,-52.95,80.24,84,76,7.27,broken clouds
495,Nizhnevartovsk,RU,60.9344,76.5531,66.22,55,0,17.9,clear sky
496,Lake Charles,US,30.2131,-93.2044,77.22,73,0,17.27,clear sky
497,Chapleau,CA,47.8405,-83.4034,46.35,60,97,8.28,overcast clouds
498,Ranong,TH,9.9658,98.6348,80.85,85,100,14.25,moderate rain
499,Karatuzskoye,RU,53.6072,92.8667,64.31,51,100,0.65,overcast clouds
500,Porto Novo,BJ,6.4965,2.6036,82.22,85,97,6.82,light rain
501,Baiyin,CN,36.5583,104.2081,65.75,49,61,5.1,broken clouds
502,Kaniama,CD,-7.5667,24.1833,73.45,64,95,1.9,overcast clouds
503,Tabory,RU,58.5198,64.5495,37.17,93,50,7.02,scattered clouds
504,Jalu,LY,29.0331,21.5482,79.38,20,0,8.81,clear sky
505,Lasa,IT,46.6166,10.7002,77.88,73,97,3.24,overcast clouds
506,Florence,IT,43.7667,11.25,76.68,58,0,6.91,clear sky
507,Takoradi,GH,4.8845,-1.7554,76.32,88,100,6.31,overcast clouds
508,Manaure,CO,11.7751,-72.4445,89.2,51,1,23.26,clear sky
509,Paamiut,GL,61.994,-49.6678,35.04,94,99,24.63,overcast clouds
510,Grand Gaube,MU,-20.0064,57.6608,75.6,78,4,1.99,clear sky
511,Naze,JP,28.3667,129.4833,65.32,72,99,3.31,overcast clouds
512,Kandrian,PG,-6.2167,149.55,77.09,87,54,3.85,broken clouds
513,Constitucion,CL,-35.3333,-72.4167,55.0,79,100,8.05,overcast clouds
514,Isangel,VU,-19.55,169.2667,76.14,85,79,8.03,broken clouds
515,Qasigiannguit,GL,68.8193,-51.1922,35.85,99,100,6.08,light rain
516,Barreirinha,BR,-2.7933,-57.07,81.46,78,28,2.28,scattered clouds
517,Rafraf,TN,37.1904,10.1837,75.52,57,0,8.39,clear sky
518,Mezen,RU,65.8522,44.24,32.25,73,47,13.15,scattered clouds
519,Teya,RU,60.3778,92.6267,45.3,87,0,2.13,clear sky
520,Kabul,AF,34.5,69.4167,54.75,38,0,4.45,clear sky
521,Jos,NG,9.9167,8.9,73.31,60,99,2.01,light rain
522,Zonguldak,TR,41.25,31.8333,53.08,89,38,3.15,scattered clouds
523,Resistencia,AR,-27.4606,-58.9839,74.08,48,0,5.75,clear sky
524,Dali,CN,25.7,100.1833,61.07,88,64,2.98,broken clouds
525,Basoda,IN,23.85,77.9333,96.51,24,43,17.63,scattered clouds
526,Gat,IL,31.61,34.7642,69.82,28,0,4.99,clear sky
527,Nibbar,TN,36.2941,8.7666,84.88,18,0,6.91,clear sky
528,Liku,ID,-0.7275,119.8922,75.6,91,99,2.55,overcast clouds
529,Bambanglipuro,ID,-7.95,110.2833,77.9,87,95,3.49,overcast clouds
530,Manyana,BW,-23.4,21.7167,51.3,51,0,7.14,clear sky
531,Arivonimamo,MG,-19.0167,47.1833,57.25,89,33,4.38,scattered clouds
532,Gerede,TR,40.8008,32.1969,47.57,67,25,2.46,light rain
533,Vanavara,RU,60.34,102.2797,41.83,94,67,2.59,broken clouds
534,Mogadishu,SO,2.0371,45.3438,80.78,85,97,17.58,overcast clouds
535,Lubu,CN,23.1742,112.2809,72.82,97,100,2.68,light rain
536,Ponta Delgada,PT,37.7333,-25.6667,65.12,100,100,6.91,mist
537,Sertanopolis,BR,-23.0586,-51.0364,77.07,39,0,4.65,clear sky
538,Daru,PG,-9.0763,143.2092,80.19,81,66,12.46,broken clouds
539,Bonthe,SL,7.5264,-12.505,79.39,83,100,8.1,moderate rain
540,Adrar,MR,20.5022,-10.0711,105.46,6,22,10.76,few clouds
541,Ust-Barguzin,RU,53.45,108.9833,43.61,84,99,3.13,overcast clouds
542,Amazar,RU,53.858,120.875,40.33,98,100,3.11,overcast clouds
543,Canutama,BR,-6.5339,-64.3831,91.44,42,17,2.71,few clouds
544,Urucara,BR,-2.5364,-57.76,86.76,60,8,3.24,clear sky
545,Cefalu,IT,38.0386,14.0229,72.36,46,0,4.0,clear sky
546,Yulara,AU,-25.2406,130.9889,56.19,42,64,7.85,broken clouds
547,Progreso,MX,21.2833,-89.6667,98.71,48,7,7.36,clear sky
548,Acapulco,MX,16.8634,-99.8901,85.82,62,75,8.05,broken clouds
549,Anaconda,US,46.1285,-112.9423,45.59,52,100,4.61,overcast clouds
550,Gouyave,GD,12.1646,-61.7296,84.97,66,20,25.32,few clouds
551,Nemuro,JP,43.3236,145.575,45.7,99,100,12.33,moderate rain
552,Wanning,CN,18.8003,110.3967,78.75,91,99,4.25,overcast clouds
553,Rawson,AR,-43.3002,-65.1023,52.97,70,100,22.28,light rain
554,Nanakuli,US,21.3906,-158.1547,80.55,64,100,5.75,overcast clouds
555,Foldeak,HU,46.3167,20.5,62.01,61,1,7.7,clear sky
556,Tazovskiy,RU,67.4667,78.7,35.24,96,96,14.29,overcast clouds
557,Tabuk,PH,17.4189,121.4443,75.11,94,96,1.45,overcast clouds
558,Barguzin,RU,53.6167,109.6167,45.28,83,66,2.86,broken clouds
559,Imbituba,BR,-28.24,-48.6703,66.09,77,51,5.01,broken clouds
560,Anadyr,RU,64.75,177.4833,45.1,65,0,6.71,clear sky
561,Bagan,RU,54.1001,77.6646,56.46,29,93,17.36,overcast clouds
562,Roquetas De Mar,ES,36.7642,-2.6148,73.62,76,97,15.35,overcast clouds
563,Blind River,CA,46.1834,-82.9582,53.71,71,98,10.33,overcast clouds
564,Dicabisagan,PH,17.0818,122.4157,78.3,86,89,6.55,overcast clouds
565,Tongzi,CN,28.7829,105.0877,62.2,94,79,1.43,broken clouds
566,Sudak,UA,44.85,34.9667,58.5,78,93,7.74,overcast clouds
567,Merauke,ID,-8.4667,140.3333,78.75,85,26,11.36,scattered clouds
568,Kastamonu,TR,41.5,33.6667,51.96,64,6,4.41,clear sky
569,Namibe,AO,-15.1961,12.1522,70.02,71,0,4.43,clear sky
570,Laguna,US,38.421,-121.4238,84.06,32,0,5.75,clear sky
571,Bushehr,IR,28.9684,50.8385,86.09,42,0,11.5,clear sky
572,Ajdabiya,LY,30.7554,20.2263,67.3,60,0,6.82,clear sky
573,Komsomolskiy,UZ,40.4272,71.7189,57.92,67,40,4.61,scattered clouds
574,Mabaruma,GY,8.2,-59.7833,81.88,75,77,6.53,broken clouds
575,Capoterra,IT,39.1763,8.9718,76.41,61,0,5.75,clear sky
576,Terra Rica,BR,-22.7094,-52.6169,73.15,33,1,7.2,clear sky
577,Maniitsoq,GL,65.4167,-52.9,32.04,98,100,17.76,light snow
578,Joshimath,IN,30.5667,79.5667,59.2,85,84,1.12,broken clouds
579,Fare,PF,-16.7,-151.0167,80.42,69,4,14.29,clear sky
580,Pantai Remis,MY,4.4557,100.6288,80.62,86,91,3.65,overcast clouds
581,Campeche,MX,19.0,-90.5,103.68,28,6,6.44,clear sky
582,Lethem,GY,3.3803,-59.7968,72.68,96,100,2.01,light rain
583,Ulladulla,AU,-35.35,150.4667,54.5,85,100,7.94,moderate rain
584,New Ulm,US,44.3125,-94.4605,58.42,37,40,13.8,scattered clouds
585,Las Colinas,PA,8.55,-80.0833,81.75,68,79,1.05,broken clouds
586,Galle,LK,6.0367,80.217,80.01,87,12,12.39,few clouds
587,Moyale,KE,3.5167,39.0584,68.97,75,72,3.31,broken clouds
588,Barra,BR,-11.0894,-43.1417,86.76,37,2,4.38,clear sky
589,Tooele,US,40.5308,-112.2983,66.24,29,0,9.22,clear sky
590,Brest,BY,52.1,23.7,48.06,91,100,9.42,overcast clouds
591,Ishigaki,JP,24.3448,124.1572,77.13,88,75,10.36,light rain
592,Ous,RU,60.9058,61.5186,33.96,98,100,7.74,overcast clouds
593,Limbang,MY,4.75,115.0,78.91,97,100,2.04,moderate rain
594,Dubbo,AU,-32.25,148.6167,50.13,81,52,10.36,broken clouds
595,Merrill,US,45.1805,-89.6835,51.67,53,100,9.22,overcast clouds
596,Nenjiang,CN,49.1833,125.2167,55.74,59,63,7.2,broken clouds
597,Kawalu,ID,-7.3817,108.2082,72.75,97,98,1.59,overcast clouds
598,Solnechnyy,RU,50.7214,136.6319,34.65,88,55,2.71,broken clouds
599,Stromness,GB,58.965,-3.296,53.87,90,100,10.56,light rain
600,Turbat,PK,26.0023,63.044,96.82,11,0,18.95,clear sky
601,Bedford,GB,52.1346,-0.4663,70.09,55,96,4.56,overcast clouds
602,Dagua,CO,3.6569,-76.6886,77.76,83,47,4.32,scattered clouds
603,Banepa,NP,27.6298,85.5214,64.72,82,75,3.44,broken clouds
604,West Bay,KY,19.3667,-81.4167,87.08,77,20,11.5,haze
605,Hay River,CA,60.8156,-115.7999,37.38,93,100,6.91,light rain
606,Tungor,RU,53.3808,142.9564,31.46,93,100,10.96,overcast clouds
607,Necochea,AR,-38.5473,-58.7368,62.38,45,100,13.18,overcast clouds
608,Morristown,US,36.214,-83.2949,84.38,61,20,12.66,few clouds
609,Vanimo,PG,-2.6741,141.3028,78.04,88,96,3.98,overcast clouds
610,Tevaitoa,PF,-16.7833,-151.5,80.35,73,15,15.35,few clouds
611,Aleksandrovsk-Sakhalinskiy,RU,50.8975,142.1561,36.54,92,100,6.71,overcast clouds
612,College,US,64.8569,-147.8028,62.29,32,40,6.91,scattered clouds
613,Tatawin,TN,32.9297,10.4518,84.69,12,0,11.45,clear sky
614,Kingman,US,35.1894,-114.053,80.13,20,0,8.05,clear sky
615,Tautira,PF,-17.7333,-149.15,79.34,75,28,14.47,light rain
616,Laramie,US,41.3114,-105.5911,48.58,45,0,28.77,clear sky
617,Machali,CL,-34.1833,-70.6667,54.68,67,100,2.3,light rain
618,Zyryanka,RU,65.75,150.85,45.46,63,99,11.72,overcast clouds
619,Cairns,AU,-16.9167,145.7667,73.35,84,100,8.05,overcast clouds
620,Shiyan,CN,32.6475,110.7781,62.56,85,1,2.95,clear sky
621,Emba,KZ,48.8264,58.1442,55.42,75,100,23.96,light rain
622,Dawei,MM,14.0833,98.2,76.78,95,100,2.86,overcast clouds
623,Volkhov,RU,59.9258,32.3382,38.66,68,2,4.56,clear sky
624,Tsiroanomandidy,MG,-18.7667,46.0333,70.83,53,65,1.07,broken clouds
625,Ampanihy,MG,-24.7,44.75,68.02,57,24,6.51,few clouds
626,Shingu,JP,33.7333,135.9833,63.1,74,0,6.6,clear sky
627,Ravar,IR,31.2656,56.8055,73.6,11,0,6.22,clear sky
628,Warrnambool,AU,-38.3833,142.4833,41.81,92,6,8.14,clear sky
629,Bahia Blanca,AR,-38.7196,-62.2724,62.8,34,100,16.58,overcast clouds
630,Monterey,US,36.2505,-121.2516,81.18,16,34,4.27,scattered clouds
631,Youkounkoun,GN,12.5333,-13.1333,101.64,18,33,4.32,scattered clouds
632,Omboue,GA,-1.5746,9.2618,75.72,83,54,8.93,broken clouds
633,Finspang,SE,58.7058,15.7674,57.72,49,86,1.77,overcast clouds
634,Urengoy,RU,65.9667,78.3667,48.25,77,99,17.76,overcast clouds
635,La Ronge,CA,55.1001,-105.2842,62.85,15,75,12.66,broken clouds
636,General Pico,AR,-35.6566,-63.7568,70.57,26,94,17.78,overcast clouds
637,Chara,RU,56.9064,118.2631,43.72,78,100,0.92,overcast clouds
638,Bolobo,CD,-2.1667,16.2333,75.52,84,94,1.68,overcast clouds
639,Wurzen,DE,51.3667,12.7333,66.96,67,65,2.66,broken clouds
640,Keti Bandar,PK,24.1447,67.4497,82.47,89,23,23.62,few clouds
641,Denpasar,ID,-8.65,115.2167,80.26,88,20,4.61,few clouds
642,Aktau,KZ,43.65,51.2,59.58,69,1,19.01,clear sky
643,Baglung,NP,28.2719,83.5898,64.72,76,88,4.12,overcast clouds
644,Skibotn,NO,69.3913,20.2679,43.47,97,94,3.6,overcast clouds
645,Alamor,EC,-4.0181,-80.0197,73.6,67,58,6.82,broken clouds
646,Aklavik,CA,68.2191,-135.0107,26.6,86,100,8.05,light snow
647,Kaeo,NZ,-35.1,173.7833,54.5,90,99,4.12,overcast clouds
648,Richmond,US,37.5538,-77.4603,91.99,61,40,8.05,scattered clouds
649,Qeshm,IR,26.9581,56.2719,89.47,71,0,6.73,clear sky
650,Igarka,RU,67.4667,86.5833,39.16,96,95,7.67,overcast clouds
651,Saulkrasti,LV,57.2622,24.4147,56.77,69,100,8.14,overcast clouds
652,Storsteinnes,NO,69.2408,19.2344,54.25,100,100,2.55,overcast clouds
653,Umm Lajj,SA,25.0213,37.2685,81.07,52,3,9.48,clear sky
654,Hirara,JP,24.8,125.2833,76.69,78,99,12.28,overcast clouds
655,Mahibadhoo,MV,3.7833,72.9667,83.52,76,64,13.24,broken clouds
656,Sitangkai,PH,4.6628,119.3928,83.61,72,100,6.44,overcast clouds
657,Bagdarin,RU,54.4333,113.6,39.47,77,48,3.98,scattered clouds
658,Faanui,PF,-16.4833,-151.75,80.51,72,9,15.39,clear sky
659,Tosya,TR,41.0155,34.0401,60.53,51,81,5.77,broken clouds
660,Kristianstad,SE,56.0313,14.1524,59.95,91,75,3.44,broken clouds
661,Tinyahuarco,PE,-10.75,-76.3,52.38,50,82,8.88,broken clouds
662,Andra,RU,62.5147,65.8878,45.93,98,100,4.05,moderate rain
663,Botucatu,BR,-22.8858,-48.445,70.21,35,0,4.32,clear sky
664,Orocue,CO,4.7912,-71.3354,88.2,53,63,8.84,broken clouds
665,Seymchan,RU,62.8833,152.4333,41.25,70,100,5.1,overcast clouds
666,Vestmanna,FO,62.1564,-7.1664,47.32,93,100,6.91,light rain
667,Kroya,ID,-7.6331,109.2461,77.38,89,73,3.2,broken clouds
668,Mount Gambier,AU,-37.8333,140.7667,37.31,93,100,4.61,fog
669,Port-Cartier,CA,50.0334,-66.8654,57.42,76,91,5.64,overcast clouds
670,Poplar Bluff,US,36.757,-90.3929,62.49,64,100,13.8,overcast clouds
671,Buta,CD,2.7858,24.73,71.82,96,100,1.81,light rain
672,Shchors,UA,51.8186,31.945,48.45,93,99,6.55,overcast clouds
673,Berbera,SO,10.4396,45.0143,94.51,31,100,7.54,overcast clouds
674,Abu Dhabi,AE,24.4667,54.3667,86.02,63,0,5.75,clear sky
675,Balvi,LV,57.1313,27.2658,47.77,62,96,5.57,overcast clouds
676,Labrea,BR,-7.2586,-64.7981,89.02,47,28,2.24,scattered clouds
677,Antalaha,MG,-14.9003,50.2788,72.14,84,56,7.58,broken clouds
678,Gunnedah,AU,-30.9833,150.25,53.11,83,97,8.01,overcast clouds
679,Diego De Almagro,CL,-26.3667,-70.05,78.31,14,0,7.25,clear sky
680,Rantauprapat,ID,2.1,99.8333,73.67,96,99,1.52,overcast clouds
681,Karangasem,ID,-8.45,115.6167,77.61,79,100,2.91,overcast clouds
682,Inta,RU,66.0317,60.1659,33.21,97,100,19.55,overcast clouds
683,Mao,ES,39.8885,4.2658,75.76,64,0,9.22,clear sky
684,Mucuri,BR,-18.0864,-39.5508,74.41,66,30,6.82,scattered clouds
685,Saucillo,MX,28.0167,-105.2833,91.0,18,31,11.95,scattered clouds
686,Diffa,NE,13.3154,12.6113,92.32,12,29,6.89,scattered clouds
687,Nalut,LY,30.3333,10.85,81.16,5,0,6.6,clear sky
688,Carauari,BR,-4.8828,-66.8958,87.19,58,43,2.1,scattered clouds
689,Axim,GH,4.8699,-2.2405,76.59,86,100,5.14,overcast clouds
690,Nathdwara,IN,24.9333,73.8167,84.63,52,0,17.58,clear sky
691,Batken,KG,39.8333,71.0,38.16,87,100,3.06,overcast clouds
692,Oxelosund,SE,58.6706,17.1015,52.18,62,0,9.22,clear sky
693,Loralai,PK,30.3705,68.598,78.13,12,17,15.61,few clouds
694,Katangli,RU,51.7102,143.2326,34.38,88,99,9.44,overcast clouds
695,Saint-Joseph,RE,-21.3667,55.6167,70.18,77,42,11.77,scattered clouds
